<?xml version="1.0" encoding="UTF-8" standalone="yes"?>
<addon id="repository.apoc" name="Apoc" version="0.0.1" provider-name="Apoc">
	<extension point="xbmc.addon.repository" name="Apoc's Repo">
		<dir>
			<info compressed="false">https://raw.githubusercontent.com/noobsandnerds/modules4all/master/zips/addons.xml</info>
			<checksum>https://raw.githubusercontent.com/noobsandnerds/modules4all/master/zips/addons.xml.md5</checksum>
			<datadir zip="true">https://raw.githubusercontent.com/noobsandnerds/modules4all/master/zips/</datadir>
		</dir>
		<info compressed="false">https://raw.githubusercontent.com/ApocDZN/repository.apoc/master/zips/addons.xml</info>
		<checksum>https://raw.githubusercontent.com/ApocDZN/repository.apoc/master/zips/addons.xml.md5</checksum>
		<datadir zip="true">https://raw.githubusercontent.com/ApocDZN/repository.apoc/master/zips/</datadir>
	</extension>
	<extension point="xbmc.addon.metadata">
		<summary lang="en">Apoc's Repo</summary>
		<description lang="en">Apoc's Repo</description>
		<genre></genre>
	</extension>
</addon>